,metabolite,reaction,x_flux,x_minimum,x_maximum,x_Flux_type,y_flux,y_minimum,y_maximum,y_Flux_type
31,fe2_e,EX_fe2_e,-210.33630477224014,-999.5029670215001,0.552258865006138,secretion,0.10201959654396961,0.09181763688957273,4.439643723846061,uptake
44,h_e,EX_h_e,-246.28378229612187,-1000.0,1000.0,secretion,7.503112129442094,-1000.0,223.2537224124907,uptake
59,nh4_e,EX_nh4_e,-277.8974846200097,-1000.0,1000.0,secretion,2.4967985875848795,-1000.0,112.26898302991555,uptake
65,succ_e,EX_succ_e,-6.6264979560641635,-173.95944975177386,0.0,secretion,0.0015192791741469784,-25.46379757006743,0.0015192791741469778,uptake
