,metabolite,reaction,x_flux,x_minimum,x_maximum,x_Flux_type,y_flux,y_minimum,y_maximum,y_Flux_type
1,ala__L_e,EX_ala__L_e,31.91287695835513,-1000.0,1000.0,uptake,-771.0313431451581,-1000.0,1000.0,secretion
52,nh4_e,EX_nh4_e,-220.64760434333584,-1000.0,1000.0,secretion,646.9408729734783,-1000.0,1000.0,uptake
53,pi_e,EX_pi_e,-530.1481145392268,-1000.0,-277.1280554503246,secretion,15.117542410765395,-986.3942118303082,51.1255127367661,uptake
