,metabolite,reaction,x_flux,x_minimum,x_maximum,x_Flux_type,y_flux,y_minimum,y_maximum,y_Flux_type
18,nh4_e,EX_nh4_e,209.44789570352617,-1000.0,883.0908896388426,uptake,-53.79068376776496,-1000.0,57.81282685270059,secretion
26,ade_e,EX_ade_e,-27.99429199908631,-1000.0,65.79521865728513,secretion,4.773253814750479,-25.283296657720026,40.5005251343739,uptake
41,h2s_e,EX_h2s_e,-13.831059216625292,-127.77591321878668,66.66666666666525,secretion,2.150976184320441,-148.06412143820867,21.460439574102022,uptake
51,ura_e,EX_ura_e,-949.4617761861771,-1000.0,-5.0471875079402935,secretion,7.743073785559182,0.0,7.748244773957917,uptake
52,val__L_e,EX_val__L_e,-219.9450317725261,-987.7040421065518,38.562315406290814,secretion,9.914832691558704,8.923349422375777,40.213690445084985,uptake
