,metabolite,reaction,x_flux,x_minimum,x_maximum,x_Flux_type,y_flux,y_minimum,y_maximum,y_Flux_type
18,pi_e,EX_pi_e,14.894740584119125,-1000.0,70.28880003083722,uptake,-507.44656497060237,-1000.0,-277.354187604631,secretion
57,succ_e,EX_succ_e,-5.995973699511728,-1000.0,1000.0,secretion,0.0024154004872301016,-317.87928472205283,0.002415400487228943,uptake
