,metabolite,reaction,x_flux,x_minimum,x_maximum,x_Flux_type,y_flux,y_minimum,y_maximum,y_Flux_type
9,glyclt_e,EX_glyclt_e,0.002863703745609226,-35.90770491878288,0.0028637037456094028,uptake,-0.019803897895542932,-107.19506248862545,-0.01782350810598743,secretion
