,metabolite,reaction,x_flux,x_minimum,x_maximum,x_Flux_type,y_flux,y_minimum,y_maximum,y_Flux_type
1,asp__L_e,EX_asp__L_e,54.43809184475086,-1000.0,1000.0,uptake,-485.01208644019545,-986.5157722190647,323.82194869158883,secretion
28,ade_e,EX_ade_e,-185.35750880390395,-1000.0,39.90880965719793,secretion,5.253043249424843,-26.522642469397923,1000.0,uptake
37,fum_e,EX_fum_e,-126.97087784304024,-1000.0,1000.0,secretion,499.9945617522818,328.5665341550404,1000.0,uptake
54,nh4_e,EX_nh4_e,-1000.0,-1000.0,209.38064637324007,secretion,625.9609891596551,-1000.0,1000.0,uptake
