,metabolite,reaction,x_flux,x_minimum,x_maximum,x_Flux_type,y_flux,y_minimum,y_maximum,y_Flux_type
7,fe2_e,EX_fe2_e,0.263362253607158,-124.88148698582755,0.263362253607158,uptake,-122.30153064258566,-726.3089870436078,0.24074960875790616,secretion
10,h2s_e,EX_h2s_e,6.036309916667759,-1000.0,9.631160963389775,uptake,-13.147600870980138,-128.49950745056876,116.66666666670136,secretion
18,val__L_e,EX_val__L_e,16.596410716443213,-825.4950870812718,155.83961008137047,uptake,-400.94437083634466,-993.6780773983152,259.1282344262469,secretion
43,nh4_e,EX_nh4_e,-220.64760434333584,-1000.0,1000.0,secretion,444.3394173621667,-1000.0,891.057530293783,uptake
45,pi_e,EX_pi_e,-530.1481145392268,-1000.0,-277.1280554503246,secretion,16.346588442397447,-985.2880704018426,28.17346805969963,uptake
