,metabolite,reaction,x_flux,x_minimum,x_maximum,x_Flux_type,y_flux,y_minimum,y_maximum,y_Flux_type
0,acald_e,EX_acald_e,20.440458156770788,-1000.0,1000.0,uptake,-26.036555171872777,-1000.0,0.0,secretion
24,succ_e,EX_succ_e,0.003142119000750277,-199.99717209289855,0.003142119000750209,uptake,-1000.0,-1000.0,-745.4490821974027,secretion
