,metabolite,reaction,x_flux,x_minimum,x_maximum,x_Flux_type,y_flux,y_minimum,y_maximum,y_Flux_type
0,ade_e,EX_ade_e,3.1410861228130895,-12.540374855044941,6.8284825930694435,uptake,-0.004970009077494856,-197.84505491090067,1000.0,secretion
10,h_e,EX_h_e,644.0512781101377,-1000.0,1000.0,uptake,-193.8633233476737,-1000.0,1000.0,secretion
