,metabolite,reaction,x_flux,x_minimum,x_maximum,x_Flux_type,y_flux,y_minimum,y_maximum,y_Flux_type
1,arab__L_e,EX_arab__L_e,602.9023190684177,-1000.0,1000.0000000000001,uptake,-53.799268851182546,-1000.0,999.9999999999986,secretion
8,fe2_e,EX_fe2_e,0.221360832447233,0.0,0.22136083244727103,uptake,-63.09345247851261,-1000.0000000000097,0.4451108490137733,secretion
27,ura_e,EX_ura_e,10.904699414651159,0.0,10.904699414653034,uptake,-994.7696714527293,-1000.0,-795.2927043074747,secretion
31,abt__L_e,EX_abt__L_e,-602.9023190684177,-999.9999999999998,1000.0,secretion,53.799268851182546,-1000.0,1000.0,uptake
46,gly_e,EX_gly_e,-6.258594317492175,-1000.0,874.724293270101,secretion,15.95781692642072,-1000.0,33.555529934274844,uptake
49,h2s_e,EX_h2s_e,-6.52407073228727,-594.4935616750378,195.83820537317033,secretion,4.851804010811703,-195.63337639029223,105.64116379830726,uptake
65,orn_e,EX_orn_e,-990.2491789495826,-991.2242610549338,-791.2242610549375,secretion,6.7774778391374495,-193.9002699447775,206.09973005522426,uptake
