,metabolite,reaction,x_flux,x_minimum,x_maximum,x_Flux_type,y_flux,y_minimum,y_maximum,y_Flux_type
15,h2o_e,EX_h2o_e,547.6758589486275,-1000.0,1000.0,uptake,-555.0176179870673,-1000.0,1000.0,secretion
17,h_e,EX_h_e,997.1903048567681,-1000.0,1000.0,uptake,-184.95835122793557,-1000.0,1000.0,secretion
72,pi_e,EX_pi_e,-988.3737646603237,-1000.0,-603.0354548588341,secretion,9.650432554647923,-1000.0,14.174658038443038,uptake
