,metabolite,reaction,x_flux,x_minimum,x_maximum,x_Flux_type,y_flux,y_minimum,y_maximum,y_Flux_type
11,h2o_e,EX_h2o_e,294.76308966076203,-1000.0,1000.0,uptake,-901.8053284151564,-1000.0,1000.0,secretion
23,ptrc_e,EX_ptrc_e,0.006648890922861028,-399.9940159981694,1000.0,uptake,-0.8609639259999246,-1000.0,100.00136033043425,secretion
33,ade_e,EX_ade_e,-1000.0,-1000.0,53.42437214199106,secretion,6.1758094676475155,-62.962087873034115,1000.0,uptake
73,nh4_e,EX_nh4_e,-1000.0,-1000.0,1000.0,secretion,328.3172793325757,-1000.0,1000.0,uptake
86,ura_e,EX_ura_e,-10.091926003415344,-1000.0,21.81257955165393,secretion,9.999788997635362,0.0,9.999788997635322,uptake
