,metabolite,reaction,x_flux,x_minimum,x_maximum,x_Flux_type,y_flux,y_minimum,y_maximum,y_Flux_type
11,for_e,EX_for_e,0.006628626771023104,-999.991051353858,49.21352789067185,uptake,-495.9822371517901,-1000.0,0.0,secretion
45,h2o_e,EX_h2o_e,-640.5285075463835,-1000.0,1000.0,secretion,579.8038875087607,-1000.0,1000.0,uptake
72,val__L_e,EX_val__L_e,-469.76047219366376,-994.3397204809155,6.289199465649386,secretion,10.895480797192397,-627.3234288428151,646.9352942778486,uptake
