,metabolite,reaction,x_flux,x_minimum,x_maximum,x_Flux_type,y_flux,y_minimum,y_maximum,y_Flux_type
1,acald_e,EX_acald_e,341.75921048780793,-1000.0,1000.0,uptake,-184.8454128127103,-1000.0,1000.0,secretion
10,h2s_e,EX_h2s_e,4.7490885616044345,4.274179705444583,146.93316322860647,uptake,-13.147600870980138,-128.49950745056876,116.66666666670136,secretion
55,nh4_e,EX_nh4_e,-1000.0,-1000.0,206.79990685007056,secretion,444.3394173621667,-1000.0,891.057530293783,uptake
57,pi_e,EX_pi_e,-525.6544298265726,-1000.0,-173.08898684435917,secretion,16.346588442397447,-985.2880704018426,28.17346805969963,uptake
