,metabolite,reaction,x_flux,x_minimum,x_maximum,x_Flux_type,y_flux,y_minimum,y_maximum,y_Flux_type
9,fe2_e,EX_fe2_e,0.20850702058291842,-1000.0,0.45095144053468916,uptake,-88.32497016458363,-1000.0,6.836196877435891,secretion
12,glc__D_e,EX_glc__D_e,343.9376448549552,-1000.0,738.8144643832838,uptake,-196.50767853966366,-1000.0,0.0,secretion
13,h2o_e,EX_h2o_e,462.90828633371405,-1000.0,1000.0,uptake,-1000.0,-1000.0,1000.0,secretion
43,gly_e,EX_gly_e,-19.06539756753431,-1000.0,436.92514693498356,secretion,7.0279973321609726,-136.53194525820547,153.77972068802018,uptake
58,pi_e,EX_pi_e,-436.8241901457064,-1000.0,242.44524659582498,secretion,20.423570537335156,-981.6187865164019,80.91185821324414,uptake
