,metabolite,reaction,x_flux,x_minimum,x_maximum,x_Flux_type,y_flux,y_minimum,y_maximum,y_Flux_type
33,2ddglcn_e,EX_2ddglcn_e,-520.7503074112219,-1000.0,0.0,secretion,557.7249571046561,0.0,779.9521545961494,uptake
37,acald_e,EX_acald_e,-14.715546323150875,-1000.0,600.0000000000191,secretion,101.53413970464022,-241.95260759916434,247.89116235968652,uptake
39,ade_e,EX_ade_e,-60.95389936495382,-1000.0,1000.0,secretion,5.905846412395221,-87.07109378512044,28.240006330703043,uptake
54,h2s_e,EX_h2s_e,-25.05964981650867,-597.4927347693693,29.381898012792753,secretion,2.6548927918430083,-178.40075689194575,194.69709582035168,uptake
55,h_e,EX_h_e,-943.8169732594647,-1000.0,436.6531944969395,secretion,871.9129949720535,-1000.0,1000.0,uptake
