,metabolite,reaction,x_flux,x_minimum,x_maximum,x_Flux_type,y_flux,y_minimum,y_maximum,y_Flux_type
0,ade_e,EX_ade_e,6.7156887784056085,-23.389809213637992,91.77884955099834,uptake,-8.343378223273666,-1000.0,1000.0,secretion
16,h_e,EX_h_e,995.6225277283972,-1000.0,1000.0,uptake,-1000.0,-1000.0,953.6783011559628,secretion
32,trp__L_e,EX_trp__L_e,1.873836753357865,1.6864530780223692,1.8738367533581868,uptake,-42.27662916890932,-1000.0,1000.0,secretion
34,ura_e,EX_ura_e,10.904699414651159,0.0,10.904699414653034,uptake,-281.4683901412216,-1000.0,219.9696249570638,secretion
35,val__L_e,EX_val__L_e,13.949589364115557,12.554630427706249,112.55463042770376,uptake,-6.911601046598417,-980.659232163511,1000.0,secretion
62,h2s_e,EX_h2s_e,-6.52407073228727,-594.4935616750378,195.83820537317033,secretion,4.684972506551306,-300.00000002202455,304.2164752778998,uptake
