,metabolite,reaction,x_flux,x_minimum,x_maximum,x_Flux_type,y_flux,y_minimum,y_maximum,y_Flux_type
11,fum_e,EX_fum_e,499.9945617522818,328.5665341550404,1000.0,uptake,-8.662688091476639,-999.9973642223987,630.3585393672726,secretion
32,val__L_e,EX_val__L_e,10.895480797192397,-627.3234288428151,646.9352942778486,uptake,-195.48718003703732,-988.8463907869516,1000.0,secretion
51,for_e,EX_for_e,-495.9822371517901,-1000.0,0.0,secretion,0.006530871167574816,0.0,127.27860505677789,uptake
