,metabolite,reaction,x_flux,x_minimum,x_maximum,x_Flux_type,y_flux,y_minimum,y_maximum,y_Flux_type
1,ade_e,EX_ade_e,5.253043249424843,-26.522642469397923,1000.0,uptake,-8.29956425338855,-74.66518712083875,0.0,secretion
8,fe2_e,EX_fe2_e,0.1726612990884633,-85.5588905397291,9.951313535912877,uptake,-38.31974452456587,-240.12199406200108,0.13492629005917284,secretion
13,h2o_e,EX_h2o_e,579.8038875087607,-1000.0,1000.0,uptake,-641.602486592636,-1000.0,1000.0,secretion
22,nh4_e,EX_nh4_e,625.9609891596551,-1000.0,1000.0,uptake,-29.85170324930304,-349.96934191554453,37.98456720525701,secretion
33,ala__L_e,EX_ala__L_e,-477.5495185214306,-1000.0,1000.0,secretion,4.957631939326767,0.0,76.47150841327272,uptake
36,asp__L_e,EX_asp__L_e,-485.01208644019545,-986.5157722190647,323.82194869158883,secretion,8.29956425338855,0.0,73.28687599126756,uptake
80,ura_e,EX_ura_e,-5.311616955951055,-61.92331239964711,8.374043866337505,secretion,3.4212806267115705,0.0,3.421280626710619,uptake
