,metabolite,reaction,x_flux,x_minimum,x_maximum,x_Flux_type,y_flux,y_minimum,y_maximum,y_Flux_type
15,h2o_e,EX_h2o_e,579.8038875087607,-1000.0,1000.0,uptake,-1000.0,-1000.0,1000.0,secretion
42,asp__L_e,EX_asp__L_e,-485.01208644019545,-986.5157722190647,323.82194869158883,secretion,9.493707236854029,-330.0527961491787,739.3450343130519,uptake
