,metabolite,reaction,x_flux,x_minimum,x_maximum,x_Flux_type,y_flux,y_minimum,y_maximum,y_Flux_type
1,acald_e,EX_acald_e,1000.0,-1000.0,1000.0,uptake,-864.1876358359307,-1000.0,-113.62678268360673,secretion
11,glyc_e,EX_glyc_e,1000.0,813.0007896881605,1000.0,uptake,-10.798152142125035,-1000.0,302.40480293587535,secretion
29,fe3_e,EX_fe3_e,-883.2084761660353,-999.8111860398022,0.20979328910924266,secretion,0.3475936655647166,0.31283429900826076,0.34759366556471705,uptake
33,h2o_e,EX_h2o_e,-673.7636937755119,-1000.0,990.8606043834102,secretion,659.1507110668514,-1000.0,1000.0,uptake
42,no2_e,EX_no2_e,-964.8563678006979,-1000.0,0.0,secretion,108.69417079297648,0.0,542.8146487110218,uptake
49,val__L_e,EX_val__L_e,-29.839074494935602,-600.2588103267117,23.370622254971018,secretion,16.386444840677655,-314.95126485160216,314.74780035634217,uptake
