,metabolite,reaction,x_flux,x_minimum,x_maximum,x_Flux_type,y_flux,y_minimum,y_maximum,y_Flux_type
9,h2_e,EX_h2_e,46.51128671676922,-1000.0,1000.0,uptake,-679.981022455594,-1000.0,1000.0,secretion
10,h2s_e,EX_h2s_e,5.68944424278101,-57.37950018149737,9.07755485995089,uptake,-9.8254031875592,-233.52136325891564,105.01107077983242,secretion
11,h_e,EX_h_e,157.50856335125434,-1000.0,1000.0,uptake,-987.3364963503624,-1000.0,1000.0,secretion
