,metabolite,reaction,x_flux,x_minimum,x_maximum,x_Flux_type,y_flux,y_minimum,y_maximum,y_Flux_type
2,ade_e,EX_ade_e,4.773253814750479,-25.283296657720026,40.5005251343739,uptake,-24.977157273852637,-1000.0,160.85389178687518,secretion
3,ala__L_e,EX_ala__L_e,19.059791026300793,-982.8461880763813,1000.0,uptake,-707.3110078219719,-1000.0,858.349790604944,secretion
9,fe2_e,EX_fe2_e,0.15733478318898375,0.0,0.15733478318934893,uptake,-48.41036600459733,-999.4346035967492,10.942754893815922,secretion
13,glu__L_e,EX_glu__L_e,3.80722058900389,-986.7925943014193,140.11326022259453,uptake,-757.8831157113561,-988.4883844061162,107.60165350669806,secretion
15,h2o_e,EX_h2o_e,219.72059832478706,-951.2315799932866,1000.0,uptake,-951.1687356883373,-1000.0,1000.0,secretion
49,nh4_e,EX_nh4_e,-53.79068376776496,-1000.0,57.81282685270059,secretion,188.81044254238168,-1000.0,1000.0,uptake
56,pro__L_e,EX_pro__L_e,-52.662798731017695,-999.9999999999989,5.1793954576203625,secretion,9.562127653496754,-211.39408511185061,9.562127653496889,uptake
