,metabolite,reaction,x_flux,x_minimum,x_maximum,x_Flux_type,y_flux,y_minimum,y_maximum,y_Flux_type
11,mal__L_e,EX_mal__L_e,67.48981117375051,0.0,1000.0,uptake,-624.7999008667399,-1000.0,1000.0,secretion
33,gly_e,EX_gly_e,-354.8150058040151,-1000.0,238.44688183518022,secretion,17.54197895846773,-1000.0,20.80687497293211,uptake
38,h2s_e,EX_h2s_e,-342.5877669657405,-1000.0,61.763696894796894,secretion,0.01499762936408193,-1000.0,200.01349786641657,uptake
58,pi_e,EX_pi_e,-1000.0,-1000.0,-124.05500184726405,secretion,27.87123276525108,-1000.0,65.08410948872704,uptake
