,metabolite,reaction,x_flux,x_minimum,x_maximum,x_Flux_type,y_flux,y_minimum,y_maximum,y_Flux_type
27,ade_e,EX_ade_e,-185.35750880390395,-1000.0,39.90880965719793,secretion,6.694595152611818,-24.775134770536088,28.784845651213764,uptake
42,h_e,EX_h_e,-445.61205973406896,-1000.0,944.5454513806126,secretion,851.5949541412024,-1000.0,1000.0,uptake
56,succ_e,EX_succ_e,-345.71031663848,-799.398942931821,1000.0,secretion,0.0032861585956331213,-760.1789560388147,43.850199409780394,uptake
