,metabolite,reaction,x_flux,x_minimum,x_maximum,x_Flux_type,y_flux,y_minimum,y_maximum,y_Flux_type
7,fe2_e,EX_fe2_e,0.19229770651765954,-999.7987618103888,0.19229770651696654,uptake,-210.33630477224014,-999.5029670215001,0.552258865006138,secretion
11,glyclt_e,EX_glyclt_e,0.002863703745609226,-35.90770491878288,0.0028637037456094028,uptake,-0.008479909584542117,-758.0075767193651,0.0,secretion
