,metabolite,reaction,x_flux,x_minimum,x_maximum,x_Flux_type,y_flux,y_minimum,y_maximum,y_Flux_type
8,fe2_e,EX_fe2_e,0.10336589048453221,-1000.0,5.853254707798815,uptake,-88.32497016458363,-1000.0,6.836196877435891,secretion
27,val__L_e,EX_val__L_e,6.513852114551293,5.862466903096169,6.513852114551301,uptake,-717.3301262267347,-992.0798961190338,674.5867705476304,secretion
