,metabolite,reaction,x_flux,x_minimum,x_maximum,x_Flux_type,y_flux,y_minimum,y_maximum,y_Flux_type
0,ala__L_e,EX_ala__L_e,27.26215343824628,-1000.0,1000.0,uptake,-401.5347844770472,-1000.0,1000.0,secretion
8,fe2_e,EX_fe2_e,0.2983031475842386,-666.011875177784,0.2983031475842374,uptake,-64.44592539411876,-999.5721227322595,11.962543509072493,secretion
20,nh4_e,EX_nh4_e,93.71116750990846,-1000.0,631.3494109677007,uptake,-36.84765489574906,-1000.0,206.54387355860513,secretion
49,ile__L_e,EX_ile__L_e,-389.1632372775641,-988.3843419734845,12.906286696128259,secretion,9.510642484198785,-991.440421764221,9.510642484198101,uptake
