,metabolite,reaction,x_flux,x_minimum,x_maximum,x_Flux_type,y_flux,y_minimum,y_maximum,y_Flux_type
9,fe2_e,EX_fe2_e,0.2306652568754251,0.0,8.20759873118368,uptake,-64.44592539411876,-999.5721227322595,11.962543509072493,secretion
21,nh4_e,EX_nh4_e,798.5238357900294,-290.2831654249139,997.4756427106911,uptake,-36.84765489574906,-1000.0,206.54387355860513,secretion
46,o2_e,EX_o2_e,-0.003830108137246445,-0.0038301081372464434,19.227322133433933,secretion,576.7118388139543,0.0032850179269173184,1000.0,uptake
54,thym_e,EX_thym_e,-818.67985715146,-1000.0,15.782018579427657,secretion,0.01057360030288283,-108.65281087459965,5.035244652817247,uptake
