,metabolite,reaction,x_flux,x_minimum,x_maximum,x_Flux_type,y_flux,y_minimum,y_maximum,y_Flux_type
1,acald_e,EX_acald_e,60.9354187407498,-1000.0,955.1934783043073,uptake,-13.742315275952603,-317.4441940935591,0.0,secretion
32,ade_e,EX_ade_e,-12.846911638435987,-132.7685404864414,10.40976558003331,secretion,4.766376915052972,-22.693747308589685,23.487354542923196,uptake
49,h2o_e,EX_h2o_e,-142.40832217519744,-1000.0,1000.0,secretion,438.0564937118801,-1000.0,1000.0,uptake
50,h2s_e,EX_h2s_e,-8.780144706926365,-697.8970124004476,143.8626647410621,secretion,0.101494411756734,-103.13838830108588,34.70672958594914,uptake
72,val__L_e,EX_val__L_e,-469.1782523435778,-990.8843596470737,891.5300750728162,secretion,9.90054824061852,8.910493416557172,9.900548240618573,uptake
