,metabolite,reaction,x_flux,x_minimum,x_maximum,x_Flux_type,y_flux,y_minimum,y_maximum,y_Flux_type
15,h_e,EX_h_e,1000.0,-1000.0,1000.0,uptake,-686.6414330023871,-1000.0,204.19047553213096,secretion
45,ala__L_e,EX_ala__L_e,-941.8272560406483,-1000.0,695.8154583449672,secretion,14.007100820303275,-1000.0,1000.0,uptake
94,orn_e,EX_orn_e,-973.7522233424744,-986.4805365651905,1000.0,secretion,3.728131144338802,0.0,1000.0,uptake
