,metabolite,reaction,x_flux,x_minimum,x_maximum,x_Flux_type,y_flux,y_minimum,y_maximum,y_Flux_type
6,asp__L_e,EX_asp__L_e,219.56975972112267,-1000.0,1000.0,uptake,-487.933825235659,-1000.0,691.386314502907,secretion
17,gua_e,EX_gua_e,7.391521110831713,0.0,41.34017286062176,uptake,-649.472345010522,-959.5251105094635,-427.59936424423717,secretion
43,acald_e,EX_acald_e,-122.72151407597087,-1000.0,1000.0,secretion,27.78799509102332,-1000.0,1000.0,uptake
52,fe2_e,EX_fe2_e,-15.532114424240982,-999.6016954432407,11.948869973701168,secretion,0.23979934990271176,-999.7490516765998,19.306728505821535,uptake
74,mal__L_e,EX_mal__L_e,-1000.0,-1000.0,1000.0,secretion,63.49629666239629,-1000.0,1000.0,uptake
98,trp__L_e,EX_trp__L_e,-140.10311428809698,-1000.0,108.327722857406,secretion,2.029920245200274,-47.01028108164608,2.029920245200273,uptake
