,metabolite,reaction,x_flux,x_minimum,x_maximum,x_Flux_type,y_flux,y_minimum,y_maximum,y_Flux_type
35,trp__L_e,EX_trp__L_e,3.8237912527352598,3.441412127461738,3.823791252735265,uptake,-48.19481118815548,-996.54049276577,412.97368465888314,secretion
102,succ_e,EX_succ_e,-999.9999999999914,-1000.0,-590.1156042155103,secretion,0.006762304816642648,-399.99391392467777,0.006762304816637547,uptake
