,metabolite,reaction,x_flux,x_minimum,x_maximum,x_Flux_type,y_flux,y_minimum,y_maximum,y_Flux_type
9,h2o_e,EX_h2o_e,36.85154440671502,-1000.0,1000.0,uptake,-899.8820071891221,-1000.0,1000.0,secretion
10,h2s_e,EX_h2s_e,7.329408585443646,-352.45987443007135,307.57773671471386,uptake,-3.409143881205238,-454.57320347205723,114.13196360579987,secretion
61,nh4_e,EX_nh4_e,-308.8724227769623,-1000.0,435.2390304085317,secretion,36.03726215751187,-1000.0,841.0196867826215,uptake
