,metabolite,reaction,x_flux,x_minimum,x_maximum,x_Flux_type,y_flux,y_minimum,y_maximum,y_Flux_type
10,fum_e,EX_fum_e,499.9945617522818,328.5665341550404,1000.0,uptake,-0.002452803154044858,-999.994679869959,159.99779247725792,secretion
26,val__L_e,EX_val__L_e,10.895480797192397,-627.3234288428151,646.9352942778486,uptake,-283.94558279191887,-990.6586022055516,790.2649545944887,secretion
83,succ_e,EX_succ_e,-499.9945617522818,-1000.0,-328.56653415504235,secretion,0.002452803154044858,-159.99779247725732,0.0024528031540285156,uptake
