,metabolite,reaction,x_flux,x_minimum,x_maximum,x_Flux_type,y_flux,y_minimum,y_maximum,y_Flux_type
45,h_e,EX_h_e,-631.5817210665095,-1000.0,457.9193481889185,secretion,277.913091385888,-1000.0,1000.0,uptake
61,pi_e,EX_pi_e,-621.931465492929,-924.8235047040208,-301.1247060329222,secretion,23.304146118197657,20.973731506378325,65.97373150637797,uptake
68,succ_e,EX_succ_e,-666.4183414313835,-930.3611016368625,-167.08368562962784,secretion,0.0023729207410538855,-1000.0,0.002372920741049453,uptake
73,val__L_e,EX_val__L_e,-116.0087080896224,-605.3746742762136,500.9489809771696,secretion,10.041298866258758,9.0371689796329,10.041298866258733,uptake
