,metabolite,reaction,x_flux,x_minimum,x_maximum,x_Flux_type,y_flux,y_minimum,y_maximum,y_Flux_type
21,ura_e,EX_ura_e,12.578976192908588,-54.009191069787455,12.578976192908563,uptake,-6.099395312970117,-72.15612244833974,5.001079842017905,secretion
68,succ_e,EX_succ_e,-6.6264979560641635,-173.95944975177386,0.0,secretion,0.0029840923853914855,0.0,40.00268568314957,uptake
