,metabolite,reaction,x_flux,x_minimum,x_maximum,x_Flux_type,y_flux,y_minimum,y_maximum,y_Flux_type
2,ade_e,EX_ade_e,16.953506770022948,-22.232576500240448,140.25815609302168,uptake,-0.025867548374902682,-1000.0,14.866267361174442,secretion
31,acald_e,EX_acald_e,-0.012282559622453382,-250.01105430366184,0.0,secretion,74.7593339914398,-204.11523099068964,257.67317143192423,uptake
39,fe2_e,EX_fe2_e,-210.33630477224014,-999.5029670215001,0.552258865006138,secretion,0.22587852709684425,-999.5603290448163,0.22587852709651324,uptake
