,metabolite,reaction,x_flux,x_minimum,x_maximum,x_Flux_type,y_flux,y_minimum,y_maximum,y_Flux_type
2,ade_e,EX_ade_e,5.253043249424843,-26.522642469397923,1000.0,uptake,-0.025867548374902682,-1000.0,14.866267361174442,secretion
14,h2o_e,EX_h2o_e,579.8038875087607,-1000.0,1000.0,uptake,-296.35088053631495,-1000.0,1000.0,secretion
21,nh4_e,EX_nh4_e,625.9609891596551,-1000.0,1000.0,uptake,-401.3007713751056,-689.1922299725655,169.10075442866108,secretion
31,acald_e,EX_acald_e,-952.723305009509,-1000.0,1000.0,secretion,74.7593339914398,-204.11523099068964,257.67317143192423,uptake
