,metabolite,reaction,x_flux,x_minimum,x_maximum,x_Flux_type,y_flux,y_minimum,y_maximum,y_Flux_type
1,arab__L_e,EX_arab__L_e,19.507979470649346,-1000.0000000000006,1000.0,uptake,-34.94413575966934,-999.9999999999998,999.9999999999999,secretion
7,fe2_e,EX_fe2_e,0.19229770651765954,-999.7987618103888,0.19229770651696654,uptake,-486.58321307527126,-1000.0,20.912797308339663,secretion
9,glyclt_e,EX_glyclt_e,0.002863703745609226,-35.90770491878288,0.0028637037456094028,uptake,-0.03592818524340177,-822.6071432239527,-0.03233536671841897,secretion
11,indole_e,EX_indole_e,1.627815120116652,1.4650336081049882,1.6278151201166549,uptake,-789.4036930848673,-1000.0,0.0,secretion
23,abt__L_e,EX_abt__L_e,-19.507979470649346,-1000.0,1000.0,secretion,34.94413575967281,-1000.0,1000.0,uptake
46,h2o_e,EX_h2o_e,-289.2004236782943,-1000.0,1000.0,secretion,574.6494237542215,-1000.0,1000.0,uptake
