,metabolite,reaction,x_flux,x_minimum,x_maximum,x_Flux_type,y_flux,y_minimum,y_maximum,y_Flux_type
25,nh4_e,EX_nh4_e,207.9232403954135,-994.7384276699618,1000.0,uptake,-605.4620470018444,-1000.0,1000.0,secretion
30,succ_e,EX_succ_e,0.0026360007779757666,-0.05740787832025243,0.0026360007779760363,uptake,-1000.0,-1000.0,494.3444755036275,secretion
86,ptrc_e,EX_ptrc_e,-5.8270115197550325,-1000.0,-5.244310367849607,secretion,6.283916107089699,0.0,1000.0,uptake
