,metabolite,reaction,x_flux,x_minimum,x_maximum,x_Flux_type,y_flux,y_minimum,y_maximum,y_Flux_type
15,h2_e,EX_h2_e,219.51194776552006,-1000.0,1000.0,uptake,-679.981022455594,-1000.0,1000.0,secretion
17,h2s_e,EX_h2s_e,3.3883405053616684,-267.8519567564791,1000.0,uptake,-9.8254031875592,-233.52136325891564,105.01107077983242,secretion
