,metabolite,reaction,x_flux,x_minimum,x_maximum,x_Flux_type,y_flux,y_minimum,y_maximum,y_Flux_type
14,h2o_e,EX_h2o_e,547.6758589486275,-1000.0,1000.0,uptake,-104.47360588307765,-1000.0,1000.0,secretion
28,val__L_e,EX_val__L_e,16.188201146312505,-981.0138290528548,1000.0,uptake,-101.33801956472658,-986.4272088904977,513.5727910973822,secretion
69,nh4_e,EX_nh4_e,-948.4931930840686,-1000.0,646.6398013130563,secretion,561.4257093986596,-340.0962761972329,1000.0,uptake
