,metabolite,reaction,x_flux,x_minimum,x_maximum,x_Flux_type,y_flux,y_minimum,y_maximum,y_Flux_type
2,ade_e,EX_ade_e,3.588123211533007,-36.03465170208459,7.777913540467001,uptake,-204.81769493871062,-1000.0,651.0498856224841,secretion
24,nh4_e,EX_nh4_e,385.1811417628431,-1000.0,528.0456040240408,uptake,-630.1712272840605,-1000.0,1000.0,secretion
26,pi_e,EX_pi_e,17.31901683348266,-984.4128848498657,23.38528028774903,uptake,-824.7310408443219,-1000.0,149.01769591147604,secretion
77,val__L_e,EX_val__L_e,-494.27904167356263,-953.3775470412022,-422.35905298310445,secretion,34.58406180988342,-968.8743443711022,1000.0,uptake
