,metabolite,reaction,x_flux,x_minimum,x_maximum,x_Flux_type,y_flux,y_minimum,y_maximum,y_Flux_type
1,ala__L_e,EX_ala__L_e,26.390082548323186,-1000.0,1000.0,uptake,-707.3110078219719,-1000.0,858.349790604944,secretion
7,fe2_e,EX_fe2_e,0.07516000525582761,-66.59902266193751,6.734310671396804,uptake,-48.41036600459733,-999.4346035967492,10.942754893815922,secretion
11,glu__L_e,EX_glu__L_e,1.8273451166135315,-31.689730085115116,1000.0,uptake,-757.8831157113561,-988.4883844061162,107.60165350669806,secretion
13,h_e,EX_h_e,8.776964914580082,-1000.0,877.7580403947643,uptake,-130.4134170075763,-1000.0,1000.0,secretion
29,4abut_e,EX_4abut_e,-1.8273451166135315,-1000.0,0.0,secretion,757.8831157113561,0.0,988.4883844061164,uptake
