,metabolite,reaction,x_flux,x_minimum,x_maximum,x_Flux_type,y_flux,y_minimum,y_maximum,y_Flux_type
18,nh4_e,EX_nh4_e,444.3394173621667,-1000.0,891.057530293783,uptake,-170.37101158431565,-1000.0,1000.0,secretion
21,pi_e,EX_pi_e,16.346588442397447,-985.2880704018426,28.17346805969963,uptake,-913.9310225225286,-1000.0,-530.8584415653711,secretion
44,h2s_e,EX_h2s_e,-13.147600870980138,-128.49950745056876,116.66666666670136,secretion,4.914914977622631,-366.6559477020765,737.7567568131955,uptake
56,val__L_e,EX_val__L_e,-400.94437083634466,-993.6780773983152,259.1282344262469,secretion,22.600191812756666,-529.6598273685198,295.3401726314871,uptake
