,metabolite,reaction,x_flux,x_minimum,x_maximum,x_Flux_type,y_flux,y_minimum,y_maximum,y_Flux_type
49,pi_e,EX_pi_e,-936.0014905005211,-974.5850960414282,-670.1822438869942,secretion,15.091171455051933,-999.9999999999906,56.439197166689276,uptake
