,metabolite,reaction,x_flux,x_minimum,x_maximum,x_Flux_type,y_flux,y_minimum,y_maximum,y_Flux_type
0,acald_e,EX_acald_e,163.08663764969936,-999.9999999999998,1000.0,uptake,-999.285869484471,-1000.0,999.9999999999958,secretion
43,ala__L_e,EX_ala__L_e,-949.9552415018929,-999.9999999999993,1000.0,secretion,14.007100820303275,-1000.0,1000.0,uptake
87,orn_e,EX_orn_e,-0.006726934279920589,-272.6420409410978,655.0197421226397,secretion,3.728131144338802,0.0,1000.0,uptake
