,metabolite,reaction,x_flux,x_minimum,x_maximum,x_Flux_type,y_flux,y_minimum,y_maximum,y_Flux_type
7,fe2_e,EX_fe2_e,0.35622060206193484,0.0,7.351532036710645,uptake,-122.30153064258566,-726.3089870436078,0.24074960875790616,secretion
8,h2o_e,EX_h2o_e,642.0936445843704,-918.8095549232573,1000.0,uptake,-585.871412972383,-1000.0,1000.0,secretion
9,h2s_e,EX_h2s_e,6.040959832033995,-318.9504774170156,165.4368638489285,uptake,-13.147600870980138,-128.49950745056876,116.66666666670136,secretion
56,pi_e,EX_pi_e,-615.7806928586996,-1000.0,-454.20262357272964,secretion,16.346588442397447,-985.2880704018426,28.17346805969963,uptake
63,ura_e,EX_ura_e,-631.8538628710917,-992.7838065175412,-468.6684765838835,secretion,5.493178999085344,0.0,5.493178999085391,uptake
