,metabolite,reaction,x_flux,x_minimum,x_maximum,x_Flux_type,y_flux,y_minimum,y_maximum,y_Flux_type
14,h2o_e,EX_h2o_e,579.8038875087607,-1000.0,1000.0,uptake,-206.04988898278043,-1000.0,1000.0,secretion
36,ala__L_e,EX_ala__L_e,-477.5495185214306,-1000.0,1000.0,secretion,12.367840640455556,-1000.0,1000.0,uptake
38,asp__L_e,EX_asp__L_e,-485.01208644019545,-986.5157722190647,323.82194869158883,secretion,8.883779979279385,-1000.0,1000.0,uptake
87,ura_e,EX_ura_e,-5.311616955951055,-61.92331239964711,8.374043866337505,secretion,2.1909401347471316,0.0,2.992269622562564,uptake
