,metabolite,reaction,x_flux,x_minimum,x_maximum,x_Flux_type,y_flux,y_minimum,y_maximum,y_Flux_type
1,acald_e,EX_acald_e,159.04577136773247,-250.00000000001125,1000.0,uptake,-999.285869484471,-1000.0,999.9999999999958,secretion
15,h_e,EX_h_e,24.07512009003307,-1000.0,1000.0,uptake,-686.6414330023871,-1000.0,204.19047553213096,secretion
26,nh4_e,EX_nh4_e,31.296351527413627,-1000.0,1000.0,uptake,-88.97213300291783,-1000.0,106.73764268533064,secretion
41,ala__L_e,EX_ala__L_e,-853.8969640106895,-1000.0,1000.0,secretion,14.007100820303275,-1000.0,1000.0,uptake
96,val__L_e,EX_val__L_e,-97.33564567307872,-1000.0,1000.0,secretion,7.13670096265949,-43.57696913360661,7.1367009626596,uptake
