,metabolite,reaction,x_flux,x_minimum,x_maximum,x_Flux_type,y_flux,y_minimum,y_maximum,y_Flux_type
7,fe2_e,EX_fe2_e,0.17700745224109388,-999.8147629533286,9.46163228729571,uptake,-210.33630477224014,-999.5029670215001,0.552258865006138,secretion
12,h2o_e,EX_h2o_e,945.8575127506336,-1000.0,1000.0,uptake,-622.0712325308807,-1000.0,1000.0,secretion
18,nh4_e,EX_nh4_e,207.9232403954135,-994.7384276699618,1000.0,uptake,-277.8974846200097,-1000.0,1000.0,secretion
22,succ_e,EX_succ_e,0.0026360007779757666,-0.05740787832025243,0.0026360007779760363,uptake,-6.6264979560641635,-173.95944975177386,0.0,secretion
32,ala__L_e,EX_ala__L_e,-952.9651263983628,-1000.0,164.5471434939991,secretion,58.88745822209004,-1000.0,1000.0,uptake
74,ura_e,EX_ura_e,-615.5653895298914,-864.6016908466956,8.719758773505896,secretion,12.578976192908588,-54.009191069787455,12.578976192908563,uptake
