,metabolite,reaction,x_flux,x_minimum,x_maximum,x_Flux_type,y_flux,y_minimum,y_maximum,y_Flux_type
2,asp__L_e,EX_asp__L_e,13.255037792310729,-1000.0,1000.0,uptake,-485.01208644019545,-986.5157722190647,323.82194869158883,secretion
44,fum_e,EX_fum_e,-54.46520494335641,-1000.0,991.7975045904042,secretion,499.9945617522818,328.5665341550404,1000.0,uptake
49,gly_e,EX_gly_e,-19.06539756753431,-1000.0,436.92514693498356,secretion,12.683958730088591,-1000.0,184.97676230338584,uptake
