,metabolite,reaction,x_flux,x_minimum,x_maximum,x_Flux_type,y_flux,y_minimum,y_maximum,y_Flux_type
10,h2o_e,EX_h2o_e,967.965668304738,-1000.0,1000.0,uptake,-233.35077101776818,-1000.0,1000.0,secretion
28,ade_e,EX_ade_e,-279.82986339348,-1000.0,81.65181819282338,secretion,0.896354758893207,-34.67295823253676,1000.0,uptake
44,glu__L_e,EX_glu__L_e,-234.31272759153228,-1000.0,-105.38500372104329,secretion,0.6718036068434611,-1000.0,1000.0,uptake
77,ura_e,EX_ura_e,-727.5107215099291,-1000.0,6.816989005051255,secretion,11.34053543614149,0.0,12.24777755815889,uptake
79,val__L_e,EX_val__L_e,-43.05292353289815,-743.8972598117624,8.736954966760925,secretion,14.496035790062153,13.046432211055926,14.496035790062173,uptake
