,metabolite,reaction,x_flux,x_minimum,x_maximum,x_Flux_type,y_flux,y_minimum,y_maximum,y_Flux_type
14,h_e,EX_h_e,851.5949541412024,-1000.0,1000.0,uptake,-360.8923935388944,-1000.0,606.1972861040342,secretion
25,pro__L_e,EX_pro__L_e,7.264217883576801,0.0,7.264217883576834,uptake,-878.3054844816043,-993.3244796992541,-346.56047195491556,secretion
27,succ_e,EX_succ_e,0.0032861585956331213,-760.1789560388147,43.850199409780394,uptake,-159.84925675042166,-692.4266097428813,0.0,secretion
33,acald_e,EX_acald_e,-25.015619416569077,-1000.0,249.33986379717095,secretion,267.9985172302625,-323.1890335636786,688.7036229533646,uptake
