,metabolite,reaction,x_flux,x_minimum,x_maximum,x_Flux_type,y_flux,y_minimum,y_maximum,y_Flux_type
25,orn_e,EX_orn_e,8.97044363830926,-12.003281828788175,606.9259772574304,uptake,-908.7860758245404,-992.2825240900174,-517.9074682420904,secretion
57,h_e,EX_h_e,-1000.0,-1000.0,1000.0,secretion,871.9129949720535,-1000.0,1000.0,uptake
78,pi_e,EX_pi_e,-520.5298055316199,-1000.0,-268.47682497845835,secretion,28.470579791035334,-1000.0,85.78374211934639,uptake
