,metabolite,reaction,x_flux,x_minimum,x_maximum,x_Flux_type,y_flux,y_minimum,y_maximum,y_Flux_type
24,nh4_e,EX_nh4_e,25.513456885424112,-1000.0,1000.0,uptake,-355.29799056188926,-1000.0,1000.0,secretion
88,val__L_e,EX_val__L_e,-357.359184199652,-994.1613027020097,1000.0,secretion,15.908354308220865,-211.19907344485873,127.075815039308,uptake
