,metabolite,reaction,x_flux,x_minimum,x_maximum,x_Flux_type,y_flux,y_minimum,y_maximum,y_Flux_type
35,2pg_e,EX_2pg_e,-956.8583083601803,-1000.0,-811.1724775242307,secretion,7.8754891214222065,0.0,227.487501909814,uptake
66,nh4_e,EX_nh4_e,-651.5510884819861,-1000.0,-351.8761753099958,secretion,460.11773046960167,-1000.0,1000.0,uptake
