,metabolite,reaction,x_flux,x_minimum,x_maximum,x_Flux_type,y_flux,y_minimum,y_maximum,y_Flux_type
8,fe2_e,EX_fe2_e,0.14422095316689165,-999.7192749348393,8.208848212285458,uptake,-16.843685958580352,-1000.0,0.45057265588008805,secretion
23,pi_e,EX_pi_e,21.12981936558432,-1000.0,21.12981936557923,uptake,-969.4066968288334,-1000.0,-772.4660271460288,secretion
78,pro__L_e,EX_pro__L_e,-130.18953982238114,-890.9221789119147,4.747693641444534,secretion,6.8581793324776585,-1000.0,6.85817933247768,uptake
92,val__L_e,EX_val__L_e,-453.1476272974095,-991.820410381883,1000.0,secretion,13.12850142584382,11.815651283259994,13.128501425843771,uptake
