,metabolite,reaction,x_flux,x_minimum,x_maximum,x_Flux_type,y_flux,y_minimum,y_maximum,y_Flux_type
13,h_e,EX_h_e,271.46262080608074,-1000.0,1000.0,uptake,-1000.0,-1000.0,1000.0,secretion
87,orn_e,EX_orn_e,-915.4638063140702,-1000.0,-615.3826755762155,secretion,8.97044363830926,-12.003281828788175,606.9259772574304,uptake
