,metabolite,reaction,x_flux,x_minimum,x_maximum,x_Flux_type,y_flux,y_minimum,y_maximum,y_Flux_type
51,h2o_e,EX_h2o_e,-322.73961059532166,-1000.0,1000.0,secretion,313.6116690782951,-1000.0,1000.0,uptake
63,pi_e,EX_pi_e,-972.1095448255214,-1000.0,-774.8985903429655,secretion,16.37470407358296,-46.66666666666045,23.542265112766597,uptake
