,metabolite,reaction,x_flux,x_minimum,x_maximum,x_Flux_type,y_flux,y_minimum,y_maximum,y_Flux_type
0,acald_e,EX_acald_e,381.19832437404585,-1000.0,1000.0,uptake,-581.80696031391,-1000.0,1000.0,secretion
12,h2o_e,EX_h2o_e,1000.0,-1000.0,1000.0,uptake,-19.454632144954136,-1000.0,1000.0,secretion
35,ade_e,EX_ade_e,-16.979099237343124,-1000.0,71.6080972174858,secretion,9.205744692003464,-52.97689869415314,533.2851702228089,uptake
82,pi_e,EX_pi_e,-378.227711491135,-1000.0,1000.0,secretion,44.38306685026857,-1000.0,339.9447601652399,uptake
