,metabolite,reaction,x_flux,x_minimum,x_maximum,x_Flux_type,y_flux,y_minimum,y_maximum,y_Flux_type
10,h2s_e,EX_h2s_e,3.3998002266775655,-103.35954956068979,109.14544708113696,uptake,-32.997169458332664,-118.72552400210326,106.27205974494913,secretion
15,nh4_e,EX_nh4_e,90.29016156690638,-1000.0,593.8541586815816,uptake,-401.3007713751056,-689.1922299725655,169.10075442866108,secretion
24,acald_e,EX_acald_e,-409.85397307486,-1000.0,867.2528356754901,secretion,74.7593339914398,-204.11523099068964,257.67317143192423,uptake
