,metabolite,reaction,x_flux,x_minimum,x_maximum,x_Flux_type,y_flux,y_minimum,y_maximum,y_Flux_type
17,h2s_e,EX_h2s_e,2.2871008590392274,-99.99701758089304,54.73154104359046,uptake,-9.8254031875592,-233.52136325891564,105.01107077983242,secretion
