,metabolite,reaction,x_flux,x_minimum,x_maximum,x_Flux_type,y_flux,y_minimum,y_maximum,y_Flux_type
5,cgly_e,EX_cgly_e,1.7443240242138074,0.0,1000.0,uptake,-31.595107920547782,-1000.0000000000007,1000.0,secretion
27,thym_e,EX_thym_e,0.001888225705207685,-23.998300596864468,5.984571350090563,uptake,-998.2306004286971,-998.4075403858257,1.769399571303004,secretion
49,fe2_e,EX_fe2_e,-63.7958727139469,-999.7531956827492,7.002093443072937,secretion,0.45408232520445063,-999.1161319660389,21.4613056716318,uptake
59,h2o_e,EX_h2o_e,-387.85378750978714,-1000.0,1000.0,secretion,473.4264013133919,-1000.0,1000.0,uptake
97,val__L_e,EX_val__L_e,-158.31030265314877,-992.7989831451438,1000.0,secretion,28.61509827225039,-974.2464115549759,173.314406361537,uptake
