,metabolite,reaction,x_flux,x_minimum,x_maximum,x_Flux_type,y_flux,y_minimum,y_maximum,y_Flux_type
5,fe2_e,EX_fe2_e,0.4433894850105775,0.3990505365095175,15.009065755968319,uptake,-486.58321307527126,-1000.0,20.912797308339663,secretion
7,gly_e,EX_gly_e,8.371216679919801,-1000.0,1000.0,uptake,-1000.0,-1000.0,910.8265982498783,secretion
14,nh4_e,EX_nh4_e,44.12545110598805,-1000.0,1000.0,uptake,-325.651879846601,-1000.0,828.628353474615,secretion
16,pi_e,EX_pi_e,23.946787400017456,-1000.0,96.55210866001471,uptake,-530.4724357148009,-1000.0,-177.42519214277286,secretion
