,metabolite,reaction,x_flux,x_minimum,x_maximum,x_Flux_type,y_flux,y_minimum,y_maximum,y_Flux_type
21,nh4_e,EX_nh4_e,462.60241936547493,-712.6827390699978,1000.0,uptake,-651.5510884819861,-1000.0,-351.8761753099958,secretion
33,ade_e,EX_ade_e,-899.7863234441036,-1000.0,-355.3372443342996,secretion,4.766376915052972,-22.693747308589685,23.487354542923196,uptake
56,val__L_e,EX_val__L_e,-400.4166899641733,-943.8619035993693,907.7655526936982,secretion,9.90054824061852,8.910493416557172,9.900548240618573,uptake
