,metabolite,reaction,x_flux,x_minimum,x_maximum,x_Flux_type,y_flux,y_minimum,y_maximum,y_Flux_type
42,ade_e,EX_ade_e,-1000.0,-1000.0,53.42437214199106,secretion,9.925844542865434,-44.71411797198197,1000.0,uptake
55,fum_e,EX_fum_e,-19.66688743976522,-120.74786578829666,-17.700198695788686,secretion,1000.0,799.9970116345525,1000.0,uptake
88,nh4_e,EX_nh4_e,-1000.0,-1000.0,1000.0,secretion,158.57092043338415,-1000.0,1000.0,uptake
100,trp__L_e,EX_trp__L_e,-227.40801527857087,-996.5985138392359,1000.0,secretion,1.8874162655765896,-38.301325361660616,1.8874162655765923,uptake
