,metabolite,reaction,x_flux,x_minimum,x_maximum,x_Flux_type,y_flux,y_minimum,y_maximum,y_Flux_type
0,ade_e,EX_ade_e,6.87192338565184,-45.361451714686865,72.85139771375286,uptake,-408.83665229890306,-1000.0,-217.9529870691126,secretion
12,glu__L_e,EX_glu__L_e,1000.0,799.9999999999798,1000.0,uptake,-673.7555917584253,-1000.0,645.8265357515317,secretion
24,no2_e,EX_no2_e,333.3322089322511,-1000.0,1000.0000000000002,uptake,-406.4804136098527,-999.3076727331448,27.777777777759745,secretion
39,ala__L_e,EX_ala__L_e,-971.7537067793198,-1000.0,1000.0,secretion,5.886306844957941,-1000.0,1000.0,uptake
59,nh4_e,EX_nh4_e,-342.4928507206035,-1000.0,210.2797728026188,secretion,81.56888882381057,-1000.0,1000.0,uptake
