,metabolite,reaction,x_flux,x_minimum,x_maximum,x_Flux_type,y_flux,y_minimum,y_maximum,y_Flux_type
6,fe2_e,EX_fe2_e,0.24897025257322944,-999.5153811645108,15.00103557756294,uptake,-204.9355464062241,-999.8042080959959,0.18709338504564493,secretion
10,h2o_e,EX_h2o_e,495.63768311816756,-1000.0,1000.0,uptake,-1000.0,-1000.0,611.229463074287,secretion
11,h2s_e,EX_h2s_e,3.395487078280916,-250.00000000047936,258.19173678386807,uptake,-3.2221855240016946,-152.58851728181034,201.70273926553156,secretion
18,pi_e,EX_pi_e,36.49703688373654,-1000.0,114.24268203274016,uptake,-972.5254687506936,-975.272921875623,-836.694638869125,secretion
31,fum_e,EX_fum_e,-3.512575396616919,-1000.0,1000.0,secretion,24.511227122374642,-0.0027525719665496334,147.87971038611187,uptake
33,glu__L_e,EX_glu__L_e,-425.67718885900797,-1000.0,824.6045720500192,secretion,50.142435771352226,-398.8827864090293,318.7728934478289,uptake
