,metabolite,reaction,x_flux,x_minimum,x_maximum,x_Flux_type,y_flux,y_minimum,y_maximum,y_Flux_type
12,h2o_e,EX_h2o_e,723.3944104981952,-400.3615195389398,1000.0,uptake,-191.6681231067662,-1000.0,1000.0,secretion
29,ade_e,EX_ade_e,-989.8270566196106,-1000.0,-485.3826773724869,secretion,3.103841774408073,-15.34904912475849,6.675075383121255,uptake
31,ala__L_e,EX_ala__L_e,-866.9142361244084,-1000.0,1000.0,secretion,25.202441038003265,-1000.0,1000.0,uptake
36,fe2_e,EX_fe2_e,-28.445429179872157,-999.5544865759045,0.22849653270537867,secretion,0.10201959654396961,0.09181763688957273,4.439643723846061,uptake
42,h_e,EX_h_e,-1000.0,-1000.0,226.1643968313483,secretion,7.503112129442094,-1000.0,223.2537224124907,uptake
44,leu__L_e,EX_leu__L_e,-126.92861132508375,-660.3154261382313,15.130205257862881,secretion,6.844823656076126,-93.83965870954295,6.844823656076122,uptake
64,succ_e,EX_succ_e,-384.54667016425765,-1000.0,-123.05216517501465,secretion,0.0015192791741469784,-25.46379757006743,0.0015192791741469778,uptake
