,metabolite,reaction,x_flux,x_minimum,x_maximum,x_Flux_type,y_flux,y_minimum,y_maximum,y_Flux_type
1,ala__L_e,EX_ala__L_e,26.390082548323186,-1000.0,1000.0,uptake,-986.9830878105621,-1000.0,1000.0,secretion
3,asp__L_e,EX_asp__L_e,3.819874352002762,-63.22877974986486,76.03211259633667,uptake,-525.2555483605289,-988.8816677676822,-47.729993524454244,secretion
18,h_e,EX_h_e,8.776964914580082,-1000.0,877.7580403947643,uptake,-1000.0,-1000.0,-424.6441833253267,secretion
30,pro__L_e,EX_pro__L_e,2.474236033034548,-64.439854236936,2.4742360330345545,uptake,-165.1095739476683,-995.7785628353772,4.690485738469647,secretion
34,val__L_e,EX_val__L_e,4.736389894872152,4.262750905384905,4.736389894872104,uptake,-170.94704488174764,-991.9189713263391,158.08102867367086,secretion
