,metabolite,reaction,x_flux,x_minimum,x_maximum,x_Flux_type,y_flux,y_minimum,y_maximum,y_Flux_type
13,h2o_e,EX_h2o_e,213.188901537128,-1000.0,1000.0,uptake,-641.602486592636,-1000.0,1000.0,secretion
14,h2s_e,EX_h2s_e,0.1314966080316579,-1000.0000000000001,200.11834694703546,uptake,-10.471767010370264,-54.1225357119592,21.25127199403294,secretion
22,nh4_e,EX_nh4_e,435.0084077348919,-619.3857211732345,1000.0,uptake,-29.85170324930304,-349.96934191554453,37.98456720525701,secretion
33,ala__L_e,EX_ala__L_e,-944.8596346611395,-1000.0,572.602960290086,secretion,4.957631939326767,0.0,76.47150841327272,uptake
