,metabolite,reaction,x_flux,x_minimum,x_maximum,x_Flux_type,y_flux,y_minimum,y_maximum,y_Flux_type
47,gly_e,EX_gly_e,-217.95592943331692,-1000.0,484.95088263758635,secretion,5.049917626832496,-1000.0,215.052550090934,uptake
67,nh4_e,EX_nh4_e,-265.5532954181773,-1000.0,1000.0,secretion,686.4735207274301,-1000.0,1000.0,uptake
