,metabolite,reaction,x_flux,x_minimum,x_maximum,x_Flux_type,y_flux,y_minimum,y_maximum,y_Flux_type
20,nh4_e,EX_nh4_e,561.4257093986596,-340.0962761972329,1000.0,uptake,-736.0596091785193,-1000.0,-319.5965054035096,secretion
24,pro__L_e,EX_pro__L_e,7.878079103677144,-117.90972880364161,7.878079103676241,uptake,-878.3054844816043,-993.3244796992541,-346.56047195491556,secretion
34,acald_e,EX_acald_e,-377.42391868072286,-1000.0,1000.0,secretion,267.9985172302625,-323.1890335636786,688.7036229533646,uptake
45,h2o_e,EX_h2o_e,-104.47360588307765,-1000.0,1000.0,secretion,242.7143473324623,-1000.0,1000.0,uptake
61,pi_e,EX_pi_e,-964.9186612522108,-1000.0,-468.4267951390316,secretion,29.73182546249104,-1000.0,41.48938343706212,uptake
74,val__L_e,EX_val__L_e,-101.33801956472658,-986.4272088904977,513.5727910973822,secretion,14.218038352433483,-309.6896581327631,335.28212716714677,uptake
