,metabolite,reaction,x_flux,x_minimum,x_maximum,x_Flux_type,y_flux,y_minimum,y_maximum,y_Flux_type
14,h2o_e,EX_h2o_e,993.2858967251632,-1000.0,1000.0,uptake,-769.1025999865759,-1000.0,1000.0,secretion
29,val__L_e,EX_val__L_e,16.10589527834395,14.495305750510738,16.10589527834395,uptake,-363.0537011328353,-988.521925684368,12.770775611434187,secretion
40,fe2_e,EX_fe2_e,-10.34478028053748,-999.7325389630922,0.2551097095755785,secretion,0.4376996497950722,0.0,0.43769964979507214,uptake
