,metabolite,reaction,x_flux,x_minimum,x_maximum,x_Flux_type,y_flux,y_minimum,y_maximum,y_Flux_type
18,nh4_e,EX_nh4_e,27.29027007917,-641.2634007342742,546.6843061211785,uptake,-626.7199097529742,-867.485569943083,-164.04791877769708,secretion
23,succ_e,EX_succ_e,0.0007473511223132387,-49.99932738398625,0.000747351122313944,uptake,-373.58518564664996,-1000.0,-136.22666708199176,secretion
38,fe2_e,EX_fe2_e,-65.23386552256932,-584.5835072730808,0.10853780349356089,secretion,0.11150686380909258,-999.7829526783635,5.324236774441813,uptake
40,fum_e,EX_fum_e,-0.0007473511223132387,-0.0007473511223131956,49.99932738398975,secretion,373.58518564664996,136.22666708202894,1000.0,uptake
46,h2s_e,EX_h2s_e,-0.6859935951709886,-52.68782738556734,539.9183359572969,secretion,4.089769541893336,-229.65254074562324,103.68079258769718,uptake
