,metabolite,reaction,x_flux,x_minimum,x_maximum,x_Flux_type,y_flux,y_minimum,y_maximum,y_Flux_type
21,pi_e,EX_pi_e,23.292247852702218,-283.4218593261793,112.98154002962781,uptake,-512.8637522142266,-961.5773769927628,-314.234861716559,secretion
29,acald_e,EX_acald_e,-317.24526246563704,-1000.0,651.6561263948594,secretion,113.01118706940429,-146.457929586617,560.041649275207,uptake
56,nh4_e,EX_nh4_e,-1000.0,-1000.0,-364.4257703081283,secretion,138.080364290988,-174.01031912360753,364.1181181095817,uptake
