,metabolite,reaction,x_flux,x_minimum,x_maximum,x_Flux_type,y_flux,y_minimum,y_maximum,y_Flux_type
19,succ_e,EX_succ_e,0.002452803154044858,-159.99779247725732,0.0024528031540285156,uptake,-40.8442391484557,-989.929892246415,0.003684884823592022,secretion
28,ala__L_e,EX_ala__L_e,-247.17810541484795,-1000.0,1000.0,secretion,68.67630797284023,-497.82915676353053,1000.0,uptake
40,fum_e,EX_fum_e,-0.002452803154044858,-999.994679869959,159.99779247725792,secretion,40.8442391484557,-0.003684884824054317,989.929892246415,uptake
84,val__L_e,EX_val__L_e,-283.94558279191887,-990.6586022055516,790.2649545944887,secretion,16.028858564609347,-730.9137769612267,464.1092165234046,uptake
