,metabolite,reaction,x_flux,x_minimum,x_maximum,x_Flux_type,y_flux,y_minimum,y_maximum,y_Flux_type
10,h_e,EX_h_e,230.77127592857835,-1000.0,1000.0,uptake,-559.1715922615504,-1000.0,1000.0,secretion
55,pi_e,EX_pi_e,-1000.0,-1000.0,-799.9999999999982,secretion,26.92877021641718,-975.6915850046661,49.23589319477513,uptake
63,val__L_e,EX_val__L_e,-363.0537011328353,-988.521925684368,12.770775611434187,secretion,14.496035790062153,13.046432211055926,14.496035790062173,uptake
