,metabolite,reaction,x_flux,x_minimum,x_maximum,x_Flux_type,y_flux,y_minimum,y_maximum,y_Flux_type
13,leu__L_e,EX_leu__L_e,8.974522754350444,-991.9229295210841,8.97452275435097,uptake,-126.92861132508375,-660.3154261382313,15.130205257862881,secretion
30,adn_e,EX_adn_e,-15.732052678577332,-1000.0,0.0,secretion,1000.0,494.07944938015584,1000.0,uptake
44,h2o_e,EX_h2o_e,-17.9348027956201,-1000.0,1000.0,secretion,723.3944104981952,-400.3615195389398,1000.0,uptake
