,metabolite,reaction,x_flux,x_minimum,x_maximum,x_Flux_type,y_flux,y_minimum,y_maximum,y_Flux_type
11,glu__L_e,EX_glu__L_e,0.1002902766751985,0.0,39.389949340724726,uptake,-373.586846210519,-836.2281615894768,-136.22816158953472,secretion
14,h_e,EX_h_e,1000.0,-496.28987101950446,1000.0,uptake,-180.0725067184402,-1000.0,64.46775795459445,secretion
37,fe2_e,EX_fe2_e,-10.34478028053748,-999.7325389630922,0.2551097095755785,secretion,0.11150686380909258,-999.7829526783635,5.324236774441813,uptake
65,pi_e,EX_pi_e,-527.073164175216,-1000.0,-274.365847757882,secretion,16.37470407358296,-46.66666666666045,23.542265112766597,uptake
