,metabolite,reaction,x_flux,x_minimum,x_maximum,x_Flux_type,y_flux,y_minimum,y_maximum,y_Flux_type
2,ade_e,EX_ade_e,5.253043249424843,-26.522642469397923,1000.0,uptake,-64.13892118568968,-1000.0,51.35284076158649,secretion
25,nh4_e,EX_nh4_e,625.9609891596551,-1000.0,1000.0,uptake,-1000.0,-1000.0,-7.596601661893349,secretion
26,no2_e,EX_no2_e,195.09519315618363,-999.9976858500495,651.8972427301852,uptake,-319.5547016593787,-1000.0,246.8001405251457,secretion
