,metabolite,reaction,x_flux,x_minimum,x_maximum,x_Flux_type,y_flux,y_minimum,y_maximum,y_Flux_type
53,h2o_e,EX_h2o_e,-173.38041817979683,-1000.0,1000.0,secretion,186.24493967321987,-1000.0,1000.0,uptake
85,val__L_e,EX_val__L_e,-170.94704488174764,-991.9189713263391,158.08102867367086,secretion,13.13669099165215,11.8230218924825,13.136690991647319,uptake
