,metabolite,reaction,x_flux,x_minimum,x_maximum,x_Flux_type,y_flux,y_minimum,y_maximum,y_Flux_type
0,ade_e,EX_ade_e,6.7156887784056085,-23.389809213637992,91.77884955099834,uptake,-28.209052586902587,-135.65225608559763,42.32098409476555,secretion
1,arab__L_e,EX_arab__L_e,602.9023190684177,-1000.0,1000.0000000000001,uptake,-242.38076478916992,-1000.0,1000.0,secretion
29,ser__L_e,EX_ser__L_e,11.03517539005339,-1000.0,1000.0,uptake,-629.6785766827918,-1000.0,1000.0,secretion
39,abt__L_e,EX_abt__L_e,-602.9023190684177,-999.9999999999998,1000.0,secretion,242.38076478916992,-1000.0,1000.0,uptake
54,gly_e,EX_gly_e,-6.258594317492175,-1000.0,874.724293270101,secretion,586.0910966630727,-1000.0,949.7134892493486,uptake
58,h2s_e,EX_h2s_e,-6.52407073228727,-594.4935616750378,195.83820537317033,secretion,7.1759253310823565,-210.61103239876206,1000.0,uptake
