,metabolite,reaction,x_flux,x_minimum,x_maximum,x_Flux_type,y_flux,y_minimum,y_maximum,y_Flux_type
11,h_e,EX_h_e,230.77127592857835,-1000.0,1000.0,uptake,-989.7554855723093,-1000.0,-544.623500282776,secretion
34,h2o_e,EX_h2o_e,-769.1025999865759,-1000.0,1000.0,secretion,194.53646859997278,-825.3156904597001,1000.0,uptake
47,val__L_e,EX_val__L_e,-363.0537011328353,-988.521925684368,12.770775611434187,secretion,18.86363294452891,16.977269650076032,18.863632944528923,uptake
