,metabolite,reaction,x_flux,x_minimum,x_maximum,x_Flux_type,y_flux,y_minimum,y_maximum,y_Flux_type
1,ade_e,EX_ade_e,6.338266327780758,-12.995963913626735,1000.0,uptake,-0.004970009077494856,-197.84505491090067,1000.0,secretion
49,fe2_e,EX_fe2_e,-16.843685958580352,-1000.0,0.45057265588008805,secretion,0.33373610955377964,-316.3663041680738,0.33373610955378147,uptake
69,h2s_e,EX_h2s_e,-147.2557951972144,-975.0238526145356,402.5794330535995,secretion,3.8221606310020246,-313.2267220987715,324.23873145169875,uptake
80,pi_e,EX_pi_e,-969.4066968288334,-1000.0,-772.4660271460288,secretion,46.25249487808004,-1000.0,61.84991992368075,uptake
