,metabolite,reaction,x_flux,x_minimum,x_maximum,x_Flux_type,y_flux,y_minimum,y_maximum,y_Flux_type
17,nh4_e,EX_nh4_e,602.027354114468,-1000.0,1000.0,uptake,-212.87663717688852,-1000.0,873.9165673975958,secretion
24,val__L_e,EX_val__L_e,18.945801778789566,17.051221600911145,98.869403419089,uptake,-988.2380297923261,-989.4142268130938,184.07716042413847,secretion
43,fe2_e,EX_fe2_e,-272.17370626702643,-1000.0,5.455848467879928,secretion,0.40312432051420843,-999.637188111536,9.815876369774417,uptake
