,metabolite,reaction,x_flux,x_minimum,x_maximum,x_Flux_type,y_flux,y_minimum,y_maximum,y_Flux_type
11,fe2_e,EX_fe2_e,0.1179373528022401,0.1061436175220161,0.11793735280224005,uptake,-16.843685958580352,-1000.0,0.45057265588008805,secretion
15,h2s_e,EX_h2s_e,0.003916609035725915,-123.83658897465028,61.92148372611521,uptake,-147.2557951972144,-975.0238526145356,402.5794330535995,secretion
22,nh4_e,EX_nh4_e,385.1811417628431,-1000.0,528.0456040240408,uptake,-75.22155831467501,-1000.0,1000.0,secretion
24,pi_e,EX_pi_e,17.31901683348266,-984.4128848498657,23.38528028774903,uptake,-969.4066968288334,-1000.0,-772.4660271460288,secretion
75,val__L_e,EX_val__L_e,-494.27904167356263,-953.3775470412022,-422.35905298310445,secretion,13.12850142584382,11.815651283259994,13.128501425843771,uptake
