,metabolite,reaction,x_flux,x_minimum,x_maximum,x_Flux_type,y_flux,y_minimum,y_maximum,y_Flux_type
1,ade_e,EX_ade_e,4.156056349409998,-29.502922340049,17.65101323897096,uptake,-28.209052586902587,-135.65225608559763,42.32098409476555,secretion
21,nh4_e,EX_nh4_e,17.814954585822274,-1000.0,1000.0,uptake,-1000.0,-1000.0,-304.9643680923639,secretion
28,succ_e,EX_succ_e,0.0020400726235437847,-578.8830231127479,0.002040072623211334,uptake,-646.0241021731599,-949.4173055405765,-429.8994823354079,secretion
57,h2o_e,EX_h2o_e,-572.8169028454826,-1000.0,1000.0,secretion,1000.0,-1000.0,1000.0,uptake
58,h2s_e,EX_h2s_e,-7.516137563290954,-751.1402254399953,26.28795144387831,secretion,7.1759253310823565,-210.61103239876206,1000.0,uptake
