,metabolite,reaction,x_flux,x_minimum,x_maximum,x_Flux_type,y_flux,y_minimum,y_maximum,y_Flux_type
14,h2o_e,EX_h2o_e,622.9641754855644,-1000.0,1000.0,uptake,-1000.0,-1000.0,1000.0,secretion
16,h_e,EX_h_e,77.44431327719158,-1000.0,1000.0,uptake,-474.6136903577986,-1000.0,1000.0,secretion
44,fe2_e,EX_fe2_e,-63.09345247851261,-1000.0000000000097,0.4451108490137733,secretion,0.10070076183013102,0.0,0.1007007618301306,uptake
65,nh4_e,EX_nh4_e,-90.03230320299626,-1000.0,215.50905103950785,secretion,499.4942917214535,-1000.0,1000.0,uptake
80,ura_e,EX_ura_e,-994.7696714527293,-1000.0,-795.2927043074747,secretion,4.9607309768575165,-12.946343379880123,4.960730976857494,uptake
