,metabolite,reaction,x_flux,x_minimum,x_maximum,x_Flux_type,y_flux,y_minimum,y_maximum,y_Flux_type
2,ade_e,EX_ade_e,5.905846412395221,-87.07109378512044,28.240006330703043,uptake,-19.805426528104423,-317.8248838645824,66.116388883686,secretion
15,gly_e,EX_gly_e,16.985921750965336,-168.7741212610483,207.5950218835585,uptake,-431.5958622273552,-1000.0,307.40062525028065,secretion
18,h2o_e,EX_h2o_e,692.8625208365713,-1000.0,1000.0,uptake,-275.4492301717974,-1000.0,1000.0,secretion
20,h_e,EX_h_e,871.9129949720535,-1000.0,1000.0,uptake,-458.7696933791223,-1000.0,174.03050544008215,secretion
28,pi_e,EX_pi_e,28.470579791035334,-1000.0,85.78374211934639,uptake,-507.44656497060237,-1000.0,-277.354187604631,secretion
35,val__L_e,EX_val__L_e,12.267413666541499,11.040672299887351,12.267413666541504,uptake,-441.954037497104,-990.8010486911726,532.3023242432395,secretion
73,nh4_e,EX_nh4_e,-1000.0,-1000.0,-18.46546140245867,secretion,487.711577559211,-1000.0,1000.0,uptake
83,succ_e,EX_succ_e,-41.03191040186942,-236.92871936168282,0.0,secretion,0.0024154004872301016,-317.87928472205283,0.002415400487228943,uptake
