,metabolite,reaction,x_flux,x_minimum,x_maximum,x_Flux_type,y_flux,y_minimum,y_maximum,y_Flux_type
14,h2o_e,EX_h2o_e,579.8038875087607,-1000.0,1000.0,uptake,-80.82175529164152,-1000.0,1000.0,secretion
27,pro__L_e,EX_pro__L_e,5.683937970215978,-166.31302724459593,5.683937970200506,uptake,-104.87326847727647,-849.3466508367849,3.2414293663133344,secretion
30,val__L_e,EX_val__L_e,10.895480797192397,-627.3234288428151,646.9352942778486,uptake,-305.22529714483437,-994.4154859190827,1000.0,secretion
