,metabolite,reaction,x_flux,x_minimum,x_maximum,x_Flux_type,y_flux,y_minimum,y_maximum,y_Flux_type
6,fe2_e,EX_fe2_e,0.45408232520445063,-999.1161319660389,21.4613056716318,uptake,-486.58321307527126,-1000.0,20.912797308339663,secretion
8,glu__L_e,EX_glu__L_e,1000.0,-1000.0,1000.0,uptake,-771.1552985864325,-1000.0,1000.0,secretion
20,pi_e,EX_pi_e,75.1484271034622,-1000.0,1000.0,uptake,-530.4724357148009,-1000.0,-177.42519214277286,secretion
77,thym_e,EX_thym_e,-998.2306004286971,-998.4075403858257,1.769399571303004,secretion,0.005370431277040554,0.0,9.566251528250588,uptake
