,metabolite,reaction,x_flux,x_minimum,x_maximum,x_Flux_type,y_flux,y_minimum,y_maximum,y_Flux_type
6,fe2_e,EX_fe2_e,0.298935894501418,0.2690423050512898,0.298935894501417,uptake,-204.9355464062241,-999.8042080959959,0.18709338504564493,secretion
12,h2o_e,EX_h2o_e,659.1507110668514,-1000.0,1000.0,uptake,-1000.0,-1000.0,611.229463074287,secretion
13,h2s_e,EX_h2s_e,0.00992743179059064,-136.2650411540088,65.79846529739862,uptake,-3.2221855240016946,-152.58851728181034,201.70273926553156,secretion
20,pi_e,EX_pi_e,32.99896134246149,-1000.0,43.8007796254297,uptake,-972.5254687506936,-975.272921875623,-836.694638869125,secretion
28,ade_e,EX_ade_e,-1000.0,-1000.0,-668.0943822235865,secretion,5.692124688686295,-26.510097180036887,43.299065509942636,uptake
