,metabolite,reaction,x_flux,x_minimum,x_maximum,x_Flux_type,y_flux,y_minimum,y_maximum,y_Flux_type
14,nh4_e,EX_nh4_e,44.12545110598805,-1000.0,1000.0,uptake,-426.3871951073189,-1000.0,508.7819898378157,secretion
23,acald_e,EX_acald_e,-896.9309497584165,-1000.0,-286.1850332738743,secretion,415.46938045159436,-1000.0,1000.0,uptake
24,ade_e,EX_ade_e,-989.8989140361809,-1000.0,-390.9090226325271,secretion,11.65075165959727,-66.25841371637783,41.51320386563282,uptake
