,metabolite,reaction,x_flux,x_minimum,x_maximum,x_Flux_type,y_flux,y_minimum,y_maximum,y_Flux_type
11,h2o_e,EX_h2o_e,463.35781499853357,-1000.0,1000.0,uptake,-704.3589557779328,-1000.0,1000.0,secretion
13,h_e,EX_h_e,99.82597187721365,-1000.0,773.2086081691417,uptake,-369.2465496255074,-1000.0,1000.0,secretion
22,val__L_e,EX_val__L_e,16.604530376925698,14.944077339233129,1000.0,uptake,-494.27904167356263,-953.3775470412022,-422.35905298310445,secretion
60,nh4_e,EX_nh4_e,-1000.0,-1000.0,-499.99999999999767,secretion,385.1811417628431,-1000.0,528.0456040240408,uptake
64,pi_e,EX_pi_e,-961.4637102946733,-1000.0,-715.3173392652058,secretion,17.31901683348266,-984.4128848498657,23.38528028774903,uptake
