,metabolite,reaction,x_flux,x_minimum,x_maximum,x_Flux_type,y_flux,y_minimum,y_maximum,y_Flux_type
11,fe2_e,EX_fe2_e,0.22774480866900762,-999.5566963409358,11.59647633654141,uptake,-294.6648770036284,-999.8117016345334,8.296570780504078,secretion
14,glu__L_e,EX_glu__L_e,17.853972029715397,-983.9344775980919,1000.0,uptake,-121.4675865295104,-322.8208278743807,579.1928820420372,secretion
24,pro__L_e,EX_pro__L_e,7.497264137055477,-193.25246227664007,7.497264137055515,uptake,-432.54525239931553,-627.7091781903953,-223.52716675820517,secretion
54,h2o_e,EX_h2o_e,-0.05150684280452442,-1000.0,1000.0,secretion,371.064888618241,-561.179035678667,1000.0,uptake
