,metabolite,reaction,x_flux,x_minimum,x_maximum,x_Flux_type,y_flux,y_minimum,y_maximum,y_Flux_type
16,h_e,EX_h_e,997.1903048567681,-1000.0,1000.0,uptake,-550.7325038496275,-1000.0,294.79909974131783,secretion
31,val__L_e,EX_val__L_e,16.188201146312505,-981.0138290528548,1000.0,uptake,-113.58772511518887,-985.1331679178794,317.8560756204053,secretion
83,pi_e,EX_pi_e,-988.3737646603237,-1000.0,-603.0354548588341,secretion,38.42602219199027,-1000.0,116.79286439206481,uptake
