,metabolite,reaction,x_flux,x_minimum,x_maximum,x_Flux_type,y_flux,y_minimum,y_maximum,y_Flux_type
7,fe2_e,EX_fe2_e,0.46825107465926835,0.19485473866992267,0.46825107465926896,uptake,-486.58321307527126,-1000.0,20.912797308339663,secretion
9,indole_e,EX_indole_e,1.8327339968916052,1.649460597202444,1.8327339968916099,uptake,-789.4036930848673,-1000.0,0.0,secretion
14,nh4_e,EX_nh4_e,209.44789570352617,-1000.0,883.0908896388426,uptake,-325.651879846601,-1000.0,828.628353474615,secretion
35,h2s_e,EX_h2s_e,-13.831059216625292,-127.77591321878668,66.66666666666525,secretion,13.226727783597656,-338.09594499499065,361.9040550050068,uptake
