,metabolite,reaction,x_flux,x_minimum,x_maximum,x_Flux_type,y_flux,y_minimum,y_maximum,y_Flux_type
20,nh4_e,EX_nh4_e,798.5238357900294,-290.2831654249139,997.4756427106911,uptake,-914.451500381857,-1000.0,624.1812887935005,secretion
30,acald_e,EX_acald_e,-1000.0,-1000.0,-599.9684639547123,secretion,163.08663764969936,-999.9999999999998,1000.0,uptake
60,o2_e,EX_o2_e,-0.003830108137246445,-0.0038301081372464434,19.227322133433933,secretion,68.57566410552153,0.11817878142964508,1000.0,uptake
