,metabolite,reaction,x_flux,x_minimum,x_maximum,x_Flux_type,y_flux,y_minimum,y_maximum,y_Flux_type
1,4abut_e,EX_4abut_e,8.602821922500276,0.0,514.2839980341023,uptake,-495.0057098314306,-1000.0,-285.50513884828524,secretion
5,asp__L_e,EX_asp__L_e,5.648002406793779,-1000.0,521.475931471525,uptake,-487.933825235659,-1000.0,691.386314502907,secretion
18,gua_e,EX_gua_e,5.683241649372568,0.0,41.11491748615432,uptake,-649.472345010522,-959.5251105094635,-427.59936424423717,secretion
31,orn_e,EX_orn_e,1000.0,0.0,1000.0,uptake,-500.4939902318994,-717.5492763559183,709.5554087912877,secretion
41,acald_e,EX_acald_e,-13.762142605065403,-479.44339235803875,0.0,secretion,27.78799509102332,-1000.0,1000.0,uptake
54,mal__L_e,EX_mal__L_e,-8.60047888775432,-514.2818893028284,508.83737667253007,secretion,63.49629666239629,-1000.0,1000.0,uptake
58,pi_e,EX_pi_e,-522.6312515541098,-1000.0,-363.3441112251166,secretion,35.21436490597901,-1000.0,75.90345473117064,uptake
62,ptrc_e,EX_ptrc_e,-942.1578058113741,-1000.0,31.008307965650697,secretion,500.4939902318994,-709.5554087912909,1000.0,uptake
