,metabolite,reaction,x_flux,x_minimum,x_maximum,x_Flux_type,y_flux,y_minimum,y_maximum,y_Flux_type
7,h2o_e,EX_h2o_e,236.81827745650386,-1000.0,1000.0,uptake,-583.5738267683993,-1000.0,1000.0,secretion
23,ade_e,EX_ade_e,-27.99429199908631,-1000.0,65.79521865728513,secretion,3.123220086040403,-31.45837564653326,150.80213179421466,uptake
39,h2s_e,EX_h2s_e,-13.831059216625292,-127.77591321878668,66.66666666666525,secretion,1.4108386059260019,-98.73024525466585,1000.0,uptake
