,metabolite,reaction,x_flux,x_minimum,x_maximum,x_Flux_type,y_flux,y_minimum,y_maximum,y_Flux_type
9,gly_e,EX_gly_e,15.794688701650426,-1000.0000000000002,34.33772908847939,uptake,-1000.0,-1000.0,100.00000000001435,secretion
21,nh4_e,EX_nh4_e,435.0084077348919,-619.3857211732345,1000.0,uptake,-136.40204846188846,-1000.0,352.91193777015656,secretion
31,acald_e,EX_acald_e,-1000.0,-1000.0,-494.54370921079095,secretion,958.4090947859067,-1000.0000000000001,1000.0000000000031,uptake
32,ade_e,EX_ade_e,-479.1479450846518,-1000.0,28.68450318278561,secretion,8.347938818954063,-17.80967313709289,67.88005845047266,uptake
