,metabolite,reaction,x_flux,x_minimum,x_maximum,x_Flux_type,y_flux,y_minimum,y_maximum,y_Flux_type
14,h2o_e,EX_h2o_e,579.8038875087607,-1000.0,1000.0,uptake,-191.6681231067662,-1000.0,1000.0,secretion
35,ala__L_e,EX_ala__L_e,-477.5495185214306,-1000.0,1000.0,secretion,25.202441038003265,-1000.0,1000.0,uptake
58,h_e,EX_h_e,-900.4712234549726,-1000.0,1000.0,secretion,7.503112129442094,-1000.0,223.2537224124907,uptake
85,succ_e,EX_succ_e,-499.9945617522818,-1000.0,-328.56653415504235,secretion,0.0015192791741469784,-25.46379757006743,0.0015192791741469778,uptake
92,ura_e,EX_ura_e,-5.311616955951055,-61.92331239964711,8.374043866337505,secretion,2.1893420611127645,0.0,2.989289169641292,uptake
