,metabolite,reaction,x_flux,x_minimum,x_maximum,x_Flux_type,y_flux,y_minimum,y_maximum,y_Flux_type
2,asp__L_e,EX_asp__L_e,39.726850020378855,35.754165018383695,350.6282030041946,uptake,-485.01208644019545,-986.5157722190647,323.82194869158883,secretion
39,fe2_e,EX_fe2_e,-294.6648770036284,-999.8117016345334,8.296570780504078,secretion,0.1726612990884633,-85.5588905397291,9.951313535912877,uptake
76,nh4_e,EX_nh4_e,-1000.0,-1000.0,-546.4843750049166,secretion,625.9609891596551,-1000.0,1000.0,uptake
83,pro__L_e,EX_pro__L_e,-432.54525239931553,-627.7091781903953,-223.52716675820517,secretion,5.683937970215978,-166.31302724459593,5.683937970200506,uptake
