,metabolite,reaction,x_flux,x_minimum,x_maximum,x_Flux_type,y_flux,y_minimum,y_maximum,y_Flux_type
22,succ_e,EX_succ_e,0.0007473511223132387,-49.99932738398625,0.000747351122313944,uptake,-1.549842429331389,-759.7297621351061,0.0015458958467217208,secretion
39,fum_e,EX_fum_e,-0.0007473511223132387,-0.0007473511223131956,49.99932738398975,secretion,1.549842429331389,-0.0015458958467202471,784.7297621351075,uptake
