,metabolite,reaction,x_flux,x_minimum,x_maximum,x_Flux_type,y_flux,y_minimum,y_maximum,y_Flux_type
9,fe2_e,EX_fe2_e,0.15733478318898375,0.0,0.15733478318934893,uptake,-16.843685958580352,-1000.0,0.45057265588008805,secretion
15,h2o_e,EX_h2o_e,219.72059832478706,-951.2315799932866,1000.0,uptake,-276.3810902756894,-1000.0,1000.0,secretion
16,h2s_e,EX_h2s_e,2.150976184320441,-148.06412143820867,21.460439574102022,uptake,-147.2557951972144,-975.0238526145356,402.5794330535995,secretion
69,pro__L_e,EX_pro__L_e,-52.662798731017695,-999.9999999999989,5.1793954576203625,secretion,6.8581793324776585,-1000.0,6.85817933247768,uptake
