,metabolite,reaction,x_flux,x_minimum,x_maximum,x_Flux_type,y_flux,y_minimum,y_maximum,y_Flux_type
8,glu__L_e,EX_glu__L_e,56.15455103469918,-949.4720776021645,451.9784150090759,uptake,-673.7555917584253,-1000.0,645.8265357515317,secretion
20,no2_e,EX_no2_e,234.9912773725565,-1000.0000000000024,1000.0,uptake,-406.4804136098527,-999.3076727331448,27.777777777759745,secretion
25,ser__L_e,EX_ser__L_e,23.868160238157536,0.0,1000.0,uptake,-379.2367265875948,-1000.0,808.6869460710667,secretion
27,succ_e,EX_succ_e,0.0055672814173703955,-203.84114327866354,0.011134562834740791,uptake,-1000.0,-1000.0,0.0,secretion
37,ala__L_e,EX_ala__L_e,-944.5610673186889,-1000.0,1000.0,secretion,5.886306844957941,-1000.0,1000.0,uptake
47,fum_e,EX_fum_e,-492.3037113863389,-1000.0,999.9999999999983,secretion,349.38016212202285,-1000.0,1000.0,uptake
60,nh4_e,EX_nh4_e,-1000.0,-1000.0,46.08312782056597,secretion,81.56888882381057,-1000.0,1000.0,uptake
63,pi_e,EX_pi_e,-680.5673332736096,-1000.0,-159.6720192834058,secretion,9.436435993920895,-1000.0,13.211121445054442,uptake
71,val__L_e,EX_val__L_e,-342.2724065279155,-679.4717662703584,371.54001931374984,secretion,4.064358151879515,3.657922336691767,4.064358151879352,uptake
