,metabolite,reaction,x_flux,x_minimum,x_maximum,x_Flux_type,y_flux,y_minimum,y_maximum,y_Flux_type
10,h2_e,EX_h2_e,501.2258428666957,-1000.0,1000.0,uptake,-54.50116640881197,-1000.0,1000.0,secretion
12,h_e,EX_h_e,1000.0,-1000.0,1000.0,uptake,-550.7325038496275,-1000.0,294.79909974131783,secretion
25,val__L_e,EX_val__L_e,21.49003799216846,19.341034192948857,21.49003799216532,uptake,-113.58772511518887,-985.1331679178794,317.8560756204053,secretion
32,acald_e,EX_acald_e,-968.4691198206194,-1000.0,1000.0,secretion,415.46938045159436,-1000.0,1000.0,uptake
33,ade_e,EX_ade_e,-20.679315463902114,-1000.0,173.72919683825404,secretion,11.65075165959727,-66.25841371637783,41.51320386563282,uptake
