,metabolite,reaction,x_flux,x_minimum,x_maximum,x_Flux_type,y_flux,y_minimum,y_maximum,y_Flux_type
9,fe2_e,EX_fe2_e,0.20850702058291842,-1000.0,0.45095144053468916,uptake,-65.23386552256932,-584.5835072730808,0.10853780349356089,secretion
14,h2s_e,EX_h2s_e,4.779018172881062,-71.6666666666667,219.3011163555984,uptake,-0.6859935951709886,-52.68782738556734,539.9183359572969,secretion
33,ala__L_e,EX_ala__L_e,-149.2213332774861,-1000.0,1000.0,secretion,680.8192417134102,0.0,1000.0,uptake
57,pi_e,EX_pi_e,-436.8241901457064,-1000.0,242.44524659582498,secretion,7.339638216590363,6.605674395056705,8.97177463102249,uptake
61,succ_e,EX_succ_e,-604.841475609838,-1000.0,1000.0,secretion,0.0007473511223132387,-49.99932738398625,0.000747351122313944,uptake
