,metabolite,reaction,x_flux,x_minimum,x_maximum,x_Flux_type,y_flux,y_minimum,y_maximum,y_Flux_type
9,h_e,EX_h_e,230.77127592857835,-1000.0,1000.0,uptake,-564.5359596626221,-1000.0,1000.0,secretion
48,pi_e,EX_pi_e,-1000.0,-1000.0,-799.9999999999982,secretion,15.117542410765395,-986.3942118303082,51.1255127367661,uptake
49,ptrc_e,EX_ptrc_e,-43.31021408384191,-739.1771164205637,0.0,secretion,2.0501542999525397,-975.5156022229934,101.84513886995616,uptake
55,val__L_e,EX_val__L_e,-363.0537011328353,-988.521925684368,12.770775611434187,secretion,6.513852114551293,5.862466903096169,6.513852114551301,uptake
