,metabolite,reaction,x_flux,x_minimum,x_maximum,x_Flux_type,y_flux,y_minimum,y_maximum,y_Flux_type
18,mal__L_e,EX_mal__L_e,7.471850735279751,0.0,1000.0,uptake,-498.02818429856603,-771.502599979843,113.09877719858186,secretion
21,nh4_e,EX_nh4_e,17.5892179529131,-1000.0,1000.0,uptake,-1000.0,-1000.0,-820.0000000000052,secretion
26,pro__L_e,EX_pro__L_e,3.422581600558653,-1000.0,3.4225816005586647,uptake,-499.11089990951615,-593.1380547884285,3.278524051595941,secretion
