,metabolite,reaction,x_flux,x_minimum,x_maximum,x_Flux_type,y_flux,y_minimum,y_maximum,y_Flux_type
7,fe2_e,EX_fe2_e,0.340485061435538,0.0,0.3404850614355378,uptake,-10.34478028053748,-999.7325389630922,0.2551097095755785,secretion
26,pi_e,EX_pi_e,4.898336912878847,-1000.0,99.39726423289173,uptake,-527.073164175216,-1000.0,-274.365847757882,secretion
39,ade_e,EX_ade_e,-60.95389936495382,-1000.0,1000.0,secretion,7.775712582133358,-69.65751128424299,86.40945896504584,uptake
53,h_e,EX_h_e,-943.8169732594647,-1000.0,436.6531944969395,secretion,1000.0,-496.28987101950446,1000.0,uptake
