,metabolite,reaction,x_flux,x_minimum,x_maximum,x_Flux_type,y_flux,y_minimum,y_maximum,y_Flux_type
13,h2o_e,EX_h2o_e,1000.0,-789.8353532642232,1000.0,uptake,-265.29923466753354,-1000.0,1000.0,secretion
21,pi_e,EX_pi_e,28.10275299350505,25.206335724695762,32.82334038093916,uptake,-938.4919252385685,-1000.0,-664.6666920997765,secretion
