,metabolite,reaction,x_flux,x_minimum,x_maximum,x_Flux_type,y_flux,y_minimum,y_maximum,y_Flux_type
0,ade_e,EX_ade_e,5.692124688686295,-26.510097180036887,43.299065509942636,uptake,-0.004970009077494856,-197.84505491090067,1000.0,secretion
35,fe2_e,EX_fe2_e,-204.9355464062241,-999.8042080959959,0.18709338504564493,secretion,0.33373610955377964,-316.3663041680738,0.33373610955378147,uptake
39,h2s_e,EX_h2s_e,-3.2221855240016946,-152.58851728181034,201.70273926553156,secretion,3.8221606310020246,-313.2267220987715,324.23873145169875,uptake
50,pi_e,EX_pi_e,-972.5254687506936,-975.272921875623,-836.694638869125,secretion,46.25249487808004,-1000.0,61.84991992368075,uptake
