,metabolite,reaction,x_flux,x_minimum,x_maximum,x_Flux_type,y_flux,y_minimum,y_maximum,y_Flux_type
6,fe2_e,EX_fe2_e,0.09887527060571283,-999.8965277287311,0.0988752706057127,uptake,-486.58321307527126,-1000.0,20.912797308339663,secretion
8,glu__L_e,EX_glu__L_e,12.740347340359707,-1000.0,613.2080339963618,uptake,-771.1552985864325,-1000.0,1000.0,secretion
9,gly_e,EX_gly_e,1.3327915292443933,-1000.0,103.2420825755831,uptake,-1000.0,-1000.0,910.8265982498783,secretion
19,pi_e,EX_pi_e,9.650432554647923,-1000.0,14.174658038443038,uptake,-530.4724357148009,-1000.0,-177.42519214277286,secretion
27,abt__L_e,EX_abt__L_e,-32.087715607294456,-1000.0,1000.0,secretion,34.94413575967281,-1000.0,1000.0,uptake
44,h2o_e,EX_h2o_e,-555.0176179870673,-1000.0,1000.0,secretion,574.6494237542215,-1000.0,1000.0,uptake
