,metabolite,reaction,x_flux,x_minimum,x_maximum,x_Flux_type,y_flux,y_minimum,y_maximum,y_Flux_type
26,val__L_e,EX_val__L_e,12.850893007755861,-189.9531391822313,12.850893007756078,uptake,-363.0537011328353,-988.521925684368,12.770775611434187,secretion
52,glyclt_e,EX_glyclt_e,-0.006763021349818889,-342.5815812265167,0.0,secretion,0.0030138377042971294,-28.570653584590033,0.0030138377042971316,uptake
