,metabolite,reaction,x_flux,x_minimum,x_maximum,x_Flux_type,y_flux,y_minimum,y_maximum,y_Flux_type
2,acald_e,EX_acald_e,330.11199304699585,-569.0298641822021,1000.0,uptake,-53.2024441126028,-1000.0,1000.0,secretion
17,h2o_e,EX_h2o_e,540.9889838913901,186.89008550224196,1000.0,uptake,-646.9728724414327,-1000.0,1000.0,secretion
19,h_e,EX_h_e,244.33756683758222,-1000.0,882.4804342017054,uptake,-1000.0,-1000.0,-333.71965198937835,secretion
21,ile__L_e,EX_ile__L_e,5.526412341612943,4.973771107451607,5.526412341612891,uptake,-389.1632372775641,-988.3843419734845,12.906286696128259,secretion
30,val__L_e,EX_val__L_e,8.049343436633222,-55.25559090702996,8.049343436633148,uptake,-32.589341227322876,-983.0815337476934,18.798295835896667,secretion
69,nh4_e,EX_nh4_e,-493.4589502298117,-1000.0,-238.9911986411355,secretion,93.71116750990846,-1000.0,631.3494109677007,uptake
