,metabolite,reaction,x_flux,x_minimum,x_maximum,x_Flux_type,y_flux,y_minimum,y_maximum,y_Flux_type
13,h2o_e,EX_h2o_e,634.7963850371971,-1000.0,1000.0,uptake,-1000.0,-1000.0,1000.0,secretion
14,h_e,EX_h_e,995.6225277283972,-1000.0,1000.0,uptake,-564.5359596626221,-1000.0,1000.0,secretion
48,gly_e,EX_gly_e,-6.258594317492175,-1000.0,874.724293270101,secretion,11.34254004520046,-1000.0,113.67881236147197,uptake
50,h2s_e,EX_h2s_e,-6.52407073228727,-594.4935616750378,195.83820537317033,secretion,2.053587001900127,-98.1517716982893,24.67149234777618,uptake
67,nh4_e,EX_nh4_e,-968.1403908302422,-1000.0,-571.3263517478398,secretion,646.9408729734783,-1000.0,1000.0,uptake
