,metabolite,reaction,x_flux,x_minimum,x_maximum,x_Flux_type,y_flux,y_minimum,y_maximum,y_Flux_type
6,fe2_e,EX_fe2_e,0.30909603342177355,0.0,13.914550066355662,uptake,-204.9355464062241,-999.8042080959959,0.18709338504564493,secretion
11,h2o_e,EX_h2o_e,1000.0,-1000.0,1000.0,uptake,-1000.0,-1000.0,611.229463074287,secretion
22,ade_e,EX_ade_e,-77.18730956483427,-1000.0,871.2512036117778,secretion,5.692124688686295,-26.510097180036887,43.299065509942636,uptake
