,metabolite,reaction,x_flux,x_minimum,x_maximum,x_Flux_type,y_flux,y_minimum,y_maximum,y_Flux_type
0,acald_e,EX_acald_e,113.2078784530978,-1000.0,999.9999999999995,uptake,-1000.0,-1000.0,-599.9684639547123,secretion
12,o2_e,EX_o2_e,550.713694530363,-0.004816035923522809,1000.0,uptake,-0.003830108137246445,-0.0038301081372464434,19.227322133433933,secretion
16,thym_e,EX_thym_e,0.004319314728624209,0.0,0.004319314728622459,uptake,-818.67985715146,-1000.0,15.782018579427657,secretion
46,nh4_e,EX_nh4_e,-214.16026527426732,-1000.0,1000.0,secretion,798.5238357900294,-290.2831654249139,997.4756427106911,uptake
