,metabolite,reaction,x_flux,x_minimum,x_maximum,x_Flux_type,y_flux,y_minimum,y_maximum,y_Flux_type
0,acald_e,EX_acald_e,60.9354187407498,-1000.0,955.1934783043073,uptake,-253.89488427019643,-1000.0,1000.0,secretion
6,fe2_e,EX_fe2_e,0.1607252199444015,0.0,6.084821870763782,uptake,-88.32497016458363,-1000.0,6.836196877435891,secretion
24,ade_e,EX_ade_e,-12.846911638435987,-132.7685404864414,10.40976558003331,secretion,6.206780498064493,-31.548665392381125,77.0146738768295,uptake
40,h2s_e,EX_h2s_e,-8.780144706926365,-697.8970124004476,143.8626647410621,secretion,5.105211562355344,-138.26245245102166,1000.0,uptake
57,nh4_e,EX_nh4_e,-1000.0,-1000.0,-344.1176470588364,secretion,1000.0,19.72867539829872,1000.0,uptake
59,pi_e,EX_pi_e,-4.9915413113170395,-1000.0,24.97894477673637,secretion,20.423570537335156,-981.6187865164019,80.91185821324414,uptake
