,metabolite,reaction,x_flux,x_minimum,x_maximum,x_Flux_type,y_flux,y_minimum,y_maximum,y_Flux_type
0,ala__L_e,EX_ala__L_e,57.54380076789431,-1000.0,1000.0,uptake,-271.72229985595993,-1000.0,1000.0,secretion
21,pi_e,EX_pi_e,4.898336912878847,-1000.0,99.39726423289173,uptake,-674.8443301329429,-1000.0,-407.3598971196485,secretion
32,ade_e,EX_ade_e,-60.95389936495382,-1000.0,1000.0,secretion,8.654785093711448,-43.14622668038685,18.59606797564773,uptake
53,h2s_e,EX_h2s_e,-25.05964981650867,-597.4927347693693,29.381898012792753,secretion,1.140304803141312,-1000.0,92.26327520212008,uptake
